<?xml version="1.0" encoding="UTF-8"?>
<GovTalkMessage xmlns="http://www.govtalk.gov.uk/CM/envelope"><EnvelopeVersion>2.0</EnvelopeVersion><Header><MessageDetails><Class>HMRC-PAYE-RTI-EPS-TIL</Class><Qualifier>response</Qualifier><Function>submit</Function><TransactionID>17395552596691</TransactionID><CorrelationID>2E3E713E7DA34919991373552857D7A6</CorrelationID><ResponseEndPoint PollInterval="10">https://test-transaction-engine.tax.service.gov.uk/submission</ResponseEndPoint><Transformation>XML</Transformation><GatewayTimestamp>2025-02-14T17:47:52.083</GatewayTimestamp></MessageDetails><SenderDetails/></Header><GovTalkDetails><Keys/></GovTalkDetails><Body><SuccessResponse xmlns="http://www.inlandrevenue.gov.uk/SuccessResponse"><IRmarkReceipt><dsig:Signature xmlns:dsig="http://www.w3.org/2000/09/xmldsig#"><dsig:SignedInfo><dsig:CanonicalizationMethod Algorithm="#TEST"/><dsig:SignatureMethod Algorithm="#TEST"/><dsig:Reference><dsig:DigestMethod Algorithm="#TEST"/><dsig:DigestValue>TESTONLY</dsig:DigestValue>
		</dsig:Reference>
	 </dsig:SignedInfo><dsig:SignatureValue>TESTONLY</dsig:SignatureValue>
</dsig:Signature><Message code="0000">HMRC has received the HMRC-PAYE-RTI-EPS-TIL document ref: 635/A635 at 17.47 on 14/02/2025. The associated IRmark was: THIS IS A TEST NOTE: NO SUBMISSION HAS BEEN MADE - This submission would have been successfully processed if sent under non-test conditions.</Message></IRmarkReceipt><Message code="077001">Thank you for your submission</Message><AcceptedTime>2025-02-14T17:47:40.167</AcceptedTime></SuccessResponse></Body></GovTalkMessage>
