<?xml version="1.0" encoding="UTF-8"?>
<GovTalkMessage xmlns="http://www.govtalk.gov.uk/CM/envelope">
                        <EnvelopeVersion>2.0</EnvelopeVersion>
                        <Header>
                            <MessageDetails>
                                <Class>HMRC-PAYE-RTI-EPS-TIL</Class>
                                <Qualifier>request</Qualifier>
                                <Function>submit</Function>
                                <TransactionID>17395552596691</TransactionID>
                                <CorrelationID/>
                                <Transformation>XML</Transformation>
                                <GatewayTest>1</GatewayTest>
                            </MessageDetails>
                            <SenderDetails>
                                <IDAuthentication>
                                    <SenderID>ISV635</SenderID>
                                    <Authentication>
                                        <Method>clear</Method>
                                        <Value>fGuR34fAOEJf</Value>
                                    </Authentication>
                                </IDAuthentication>
                                <EmailAddress>muhammad.anees@xepos.co.uk</EmailAddress>
                            </SenderDetails>
                        </Header>
                        <GovTalkDetails>
                            <Keys>
                                <Key Type="TaxOfficeNumber">635</Key>
                                <Key Type="TaxOfficeReference">A635</Key>
                            </Keys>
                            <ChannelRouting>
                                <Channel>
                                    <URI>9136</URI>
                                    <Product>XEPayroll</Product>
                                    <Version>1</Version>
                                </Channel>
                                <Timestamp>2025-02-14T17:47:39</Timestamp>
                            </ChannelRouting>
                        </GovTalkDetails>
                        <Body>
                <IRenvelope xmlns="http://www.govtalk.gov.uk/taxation/PAYE/RTI/EmployerPaymentSummary/24-25/1">
                                <IRheader>
                                    <Keys>
                                        <Key Type="TaxOfficeNumber">635</Key>
                                        <Key Type="TaxOfficeReference">A635</Key>
                                    </Keys>
                                    <PeriodEnd>2025-04-05</PeriodEnd>
                                    <DefaultCurrency>GBP</DefaultCurrency>
                                    <IRmark Type="generic">flS3gmEVasYxj7D0FHQv2KHIUJo=</IRmark>
                                    <Sender>Employer</Sender>
                                </IRheader>
                    <EmployerPaymentSummary>
                        <EmpRefs>
                            <OfficeNo>635</OfficeNo>
                            <PayeRef>A635</PayeRef>
                            <AORef>120PA01793429</AORef>
                            <COTAXRef>1111111111</COTAXRef>
                        </EmpRefs>
                        <RecoverableAmountsYTD>
                            <SMPRecovered>0.00</SMPRecovered>
                            <SPPRecovered>0.00</SPPRecovered>
                            <SAPRecovered>0.00</SAPRecovered>
                            <ShPPRecovered>0.00</ShPPRecovered>
                            <NICCompensationOnSMP>0.00</NICCompensationOnSMP>
                            <NICCompensationOnSPP>0.00</NICCompensationOnSPP>
                            <NICCompensationOnSAP>0.00</NICCompensationOnSAP>
                            <NICCompensationOnShPP>0.00</NICCompensationOnShPP>
                            <CISDeductionsSuffered>0.00</CISDeductionsSuffered>
                        </RecoverableAmountsYTD>
                        <RelatedTaxYear>24-25</RelatedTaxYear>
                    </EmployerPaymentSummary>
                </IRenvelope></Body>
                    </GovTalkMessage>
